{
  "results": [
    {
      "command": "./summer1 database",
      "mean": 0.8206257747400001,
      "stddev": 0.09131442051102652,
      "median": 0.8695096260400001,
      "user": 1.1068782000000001,
      "system": 0.30039636,
      "min": 0.64845228054,
      "max": 0.89498139454,
      "times": [
        0.77135868054,
        0.67830852854,
        0.89498139454,
        0.82030992154,
        0.8846684695400001,
        0.64845228054,
        0.8730545055400001,
        0.89182006254,
        0.8659647465400001,
        0.87733915754
      ],
      "exit_codes": [
        0,
        0,
        0,
        0,
        0,
        0,
        0,
        0,
        0,
        0
      ]
    },
    {
      "command": "./summer2 generate -r --read-jobs=8 --digest-jobs=8 database",
      "mean": 0.26252601404,
      "stddev": 0.011677457823356557,
      "median": 0.26518321054000005,
      "user": 1.2614117000000002,
      "system": 0.09409756,
      "min": 0.23577213354,
      "max": 0.27654858054000003,
      "times": [
        0.27654858054000003,
        0.26828057454000004,
        0.23577213354,
        0.25788345654,
        0.27018941654,
        0.26644433054,
        0.26392209054000004,
        0.27157494554,
        0.25241689554,
        0.26222771654000004
      ],
      "exit_codes": [
        0,
        0,
        0,
        0,
        0,
        0,
        0,
        0,
        0,
        0
      ]
    }
  ]
}
