{
  "results": [
    {
      "command": "./summer1 database",
      "mean": 0.82308345308,
      "stddev": 0.09398380859637853,
      "median": 0.8431661132800001,
      "user": 1.1039100400000001,
      "system": 0.31193645999999997,
      "min": 0.6550345917800001,
      "max": 0.92586650678,
      "times": [
        0.92586650678,
        0.8533545707800001,
        0.8831152107800001,
        0.7900135427800001,
        0.82062769278,
        0.6550345917800001,
        0.8855165667800001,
        0.83297765578,
        0.67140767578,
        0.9129205167800001
      ],
      "exit_codes": [
        0,
        0,
        0,
        0,
        0,
        0,
        0,
        0,
        0,
        0
      ]
    },
    {
      "command": "./summer2 generate -r database",
      "mean": 1.1095070223799999,
      "stddev": 0.010099883888285907,
      "median": 1.10786455828,
      "user": 1.04111894,
      "system": 0.06992496,
      "min": 1.09738312978,
      "max": 1.13060245278,
      "times": [
        1.10827115478,
        1.09738312978,
        1.12327042778,
        1.10745796178,
        1.10159394978,
        1.10164420378,
        1.10877072178,
        1.10893460778,
        1.13060245278,
        1.10714161378
      ],
      "exit_codes": [
        0,
        0,
        0,
        0,
        0,
        0,
        0,
        0,
        0,
        0
      ]
    },
    {
      "command": "./summer2 generate -r --read-jobs=8 --digest-jobs=8 database",
      "mean": 0.25999742050727276,
      "stddev": 0.019244987695500666,
      "median": 0.26273395078,
      "user": 1.2629541672727271,
      "system": 0.09146886909090911,
      "min": 0.23491532778000002,
      "max": 0.29143061478,
      "times": [
        0.26273395078,
        0.24001613678000003,
        0.24531931678000002,
        0.27899636678,
        0.29143061478,
        0.23606091278000002,
        0.28015519278,
        0.25590587878,
        0.26598260277999997,
        0.23491532778000002,
        0.26845532478
      ],
      "exit_codes": [
        0,
        0,
        0,
        0,
        0,
        0,
        0,
        0,
        0,
        0,
        0
      ]
    }
  ]
}
