{
  "results": [
    {
      "command": "./summer1 database",
      "mean": 1.19726616488,
      "stddev": 0.011196561723053972,
      "median": 1.19675733438,
      "user": 1.0951723,
      "system": 0.2592153,
      "min": 1.18424738438,
      "max": 1.22396337938,
      "times": [
        1.20463094638,
        1.18424738438,
        1.1923738693800001,
        1.18846645038,
        1.22396337938,
        1.19926786338,
        1.19812740238,
        1.18806968438,
        1.19621608238,
        1.19729858638
      ],
      "exit_codes": [
        0,
        0,
        0,
        0,
        0,
        0,
        0,
        0,
        0,
        0
      ]
    },
    {
      "command": "./summer2 generate -r database",
      "mean": 1.0976342108800001,
      "stddev": 0.00569172515027169,
      "median": 1.0960257148800001,
      "user": 1.0282982999999999,
      "system": 0.070999,
      "min": 1.09086372838,
      "max": 1.11139811738,
      "times": [
        1.11139811738,
        1.09086372838,
        1.0998359123800001,
        1.0957216703800001,
        1.09339443038,
        1.10121244138,
        1.09527199638,
        1.09452202038,
        1.09632975938,
        1.0977920323800001
      ],
      "exit_codes": [
        0,
        0,
        0,
        0,
        0,
        0,
        0,
        0,
        0,
        0
      ]
    },
    {
      "command": "./summer2 generate -r --read-jobs=8 --digest-jobs=8 database",
      "mean": 0.2617492972890909,
      "stddev": 0.017090681845618086,
      "median": 0.26971915138,
      "user": 1.2224340636363635,
      "system": 0.09145076363636365,
      "min": 0.23926787038000003,
      "max": 0.28247423838,
      "times": [
        0.27072704438,
        0.24972175838000005,
        0.25649151438,
        0.27487629138,
        0.28247423838,
        0.26971915138,
        0.23926787038000003,
        0.24012133938000002,
        0.28017911338,
        0.23967823738000002,
        0.27598571138000005
      ],
      "exit_codes": [
        0,
        0,
        0,
        0,
        0,
        0,
        0,
        0,
        0,
        0,
        0
      ]
    }
  ]
}
